age,ageSD,dDE,dDESD
0,0,-0.002642962,0.07982185
0.1,0.001,-0.000993402,0.07982185
0.2,0.002,0.00062165,0.07982185
0.3,0.003,0.002202194,0.07982185
0.4,0.004,0.00374823,0.07982185
0.5,0.005,0.005259758,0.07982185
0.6,0.006,0.006736778,0.078076113
0.7,0.007,0.00817929,0.076431394
0.8,0.008,0.009587294,0.074886461
0.9,0.009,0.01096079,0.073440002
1,0.01,0.012299778,0.072090623
1.1,0.011,0.013604257,0.070836869
1.2,0.012,0.014874229,0.069677231
1.3,0.013,0.016109693,0.068610167
1.4,0.014,0.017310648,0.067634117
1.5,0.015,0.018477096,0.066747525
1.6,0.016,0.021658408,0.065948859
1.7,0.017,0.024470624,0.065236635
1.8,0.018,0.027177672,0.06460944
1.9,0.019,0.029486298,0.064065953
2,0.02,0.031270098,0.063604969
2.1,0.021,0.032256042,0.063390566
2.2,0.022,0.033159066,0.063348998
2.3,0.023,0.033746587,0.063495744
2.4,0.024,0.033405804,0.063406257
2.5,0.025,0.032111437,0.063407042
2.6,0.026,0.028880574,0.063505954
2.7,0.027,0.024842755,0.063711167
2.8,0.028,0.019192032,0.064031242
2.9,0.029,0.011943574,0.064031242
3,0.03,0.003112549,0.064031242
3.1,0.031,-0.006151279,0.064031242
3.2,0.032,-0.016633633,0.064031242
3.3,0.033,-0.027731823,0.064031242
3.4,0.034,-0.039810901,0.064031242
3.5,0.035,-0.051690768,0.064031242
3.6,0.036,-0.063305693,0.064031242
3.7,0.037,-0.075137021,0.064031242
3.8,0.038,-0.086678127,0.064031242
3.9,0.039,-0.098790575,0.064031242
4,0.04,-0.11038022,0.064031242
4.1,0.041,-0.122288401,0.064031242
4.2,0.042,-0.133400748,0.064031242
4.3,0.043,-0.144127819,0.064031242
4.4,0.044,-0.154302761,0.064031242
4.5,0.045,-0.164159167,0.064031242
4.6,0.046,-0.17393063,0.064031242
4.7,0.047,-0.183607038,0.064031242
4.8,0.048,-0.192621094,0.064031242
4.9,0.049,-0.201793912,0.064031242
5,0.05,-0.21057842,0.064031242
5.1,0.051,-0.218848215,0.064031242
5.2,0.052,-0.22746486,0.064031242
5.3,0.053,-0.235931843,0.064031242
5.4,0.054,-0.244907473,0.064031242
5.5,0.055,-0.253945798,0.064031242
5.6,0.056,-0.262621094,0.064031242
5.7,0.057,-0.269696633,0.064031242
5.8,0.058,-0.276692284,0.064031242
5.9,0.059,-0.28220447,0.064031242
6,0.06,-0.287742947,0.064031242
6.1,0.061,-0.292715138,0.064031242
6.2,0.062,-0.29750632,0.064031242
6.3,0.063,-0.301534028,0.064031242
6.4,0.064,-0.30519365,0.064031242
6.5,0.065,-0.307912832,0.064031242
6.6,0.066,-0.310097078,0.064031242
6.7,0.067,-0.312318738,0.064031242
6.8,0.068,-0.314192537,0.064031242
6.9,0.069,-0.316731722,0.064031242
7,0.07,-0.318456871,0.064031242
7.1,0.071,-0.320822126,0.064031242
7.2,0.072,-0.322788957,0.064031242
7.3,0.073,-0.32528466,0.064031242
7.4,0.074,-0.327467894,0.064031242
7.5,0.075,-0.329895844,0.064031242
7.6,0.076,-0.331600769,0.064031242
7.7,0.077,-0.33259278,0.064031242
7.8,0.078,-0.334270401,0.064031242
7.9,0.079,-0.335950046,0.064031242
8,0.08,-0.336968349,0.064031242
8.1,0.081,-0.337649914,0.064031242
8.2,0.082,-0.337361715,0.064031242
8.3,0.083,-0.336301952,0.064031242
8.4,0.084,-0.333711194,0.064031242
8.5,0.085,-0.329974719,0.064031242
8.6,0.086,-0.324773991,0.064031242
8.7,0.087,-0.318377996,0.064031242
8.8,0.088,-0.310988978,0.064031242
8.9,0.089,-0.302682779,0.064031242
9,0.09,-0.294386692,0.064031242
9.1,0.091,-0.284712307,0.064031242
9.2,0.092,-0.273679846,0.064031242
9.3,0.093,-0.26132976,0.064031242
9.4,0.094,-0.246901608,0.064031242
9.5,0.095,-0.232001213,0.064031242
9.6,0.096,-0.215741733,0.064031242
9.7,0.097,-0.197970472,0.064031242
9.8,0.098,-0.178691475,0.064031242
9.9,0.099,-0.158465972,0.064031242
10,0.1,-0.137277783,0.064031242
10.1,0.101,-0.116068359,0.064031242
10.2,0.102,-0.094380625,0.064031242
10.3,0.103,-0.073115583,0.064031242
10.4,0.104,-0.052176155,0.064031242
10.5,0.105,-0.032980079,0.064031242
10.6,0.106,-0.01497927,0.064031242
10.7,0.107,0.000448984,0.064031242
10.8,0.108,0.013325918,0.064031242
10.9,0.109,0.023849732,0.064031242
11,0.11,0.031995146,0.064031242
11.1,0.111,0.035968248,0.064031242
11.2,0.112,0.0362342,0.064031242
11.3,0.113,0.032837496,0.064031242
11.4,0.114,0.026937001,0.064031242
11.5,0.115,0.018293053,0.064031242
11.6,0.116,0.008434624,0.064031242
11.7,0.117,-0.001529983,0.064031242
11.8,0.118,-0.011059763,0.064031242
11.9,0.119,-0.021158863,0.064031242
12,0.12,-0.029360906,0.064031242
12.1,0.121,-0.034734554,0.064031242
12.2,0.122,-0.037873395,0.064031242
12.3,0.123,-0.037982607,0.064031242
12.4,0.124,-0.034824553,0.064031242
12.5,0.125,-0.028875518,0.064031242
12.6,0.126,-0.018245525,0.064031242
12.7,0.127,-0.003937709,0.064031242
12.8,0.128,0.013318839,0.064031242
12.9,0.129,0.032648397,0.064031242
13,0.13,0.05399636,0.064031242
13.1,0.131,0.076340378,0.064031242
13.2,0.132,0.099225402,0.064031242
13.3,0.133,0.12203964,0.064031242
13.4,0.134,0.144581859,0.064031242
13.5,0.135,0.165683082,0.064031242
13.6,0.136,0.185152189,0.064031242
13.7,0.137,0.202240874,0.064031242
13.8,0.138,0.216621499,0.064031242
13.9,0.139,0.22659824,0.064031242
14,0.14,0.232020427,0.064031242
14.1,0.141,0.23233694,0.064031242
14.2,0.142,0.228708666,0.064031242
14.3,0.143,0.221672565,0.064031242
14.4,0.144,0.211405602,0.064031242
14.5,0.145,0.198702599,0.064031242
14.6,0.146,0.183597937,0.064031242
14.7,0.147,0.165766003,0.064031242
14.8,0.148,0.146299929,0.064031242
14.9,0.149,0.124788148,0.064031242
15,0.15,0.102951765,0.064031242
15.1,0.151,0.081417737,0.064031242
15.2,0.152,0.05956214,0.064031242
15.3,0.153,0.039147538,0.064031242
15.4,0.154,0.019464051,0.064031242
15.5,0.155,0.000809991,0.064031242
15.6,0.156,-0.017874406,0.064031242
15.7,0.157,-0.036671049,0.064031242
15.8,0.158,-0.055261402,0.064031242
15.9,0.159,-0.072926484,0.064031242
16,0.16,-0.090335727,0.064031242
16.1,0.161,-0.10720093,0.064031242
16.2,0.162,-0.123254121,0.064031242
16.3,0.163,-0.138090808,0.064031242
16.4,0.164,-0.152304581,0.064031242
16.5,0.165,-0.165141066,0.064031242
16.6,0.166,-0.176443523,0.064031242
16.7,0.167,-0.18608555,0.064031242
16.8,0.168,-0.19535949,0.064031242
16.9,0.169,-0.202841541,0.064031242
17,0.17,-0.208683386,0.064031242
17.1,0.171,-0.212499747,0.064031242
17.2,0.172,-0.214492871,0.064031242
17.3,0.173,-0.215295783,0.064031242
17.4,0.174,-0.214593993,0.064031242
17.5,0.175,-0.212660532,0.064031242
17.6,0.176,-0.210609768,0.064031242
17.7,0.177,-0.20789463,0.064031242
17.8,0.178,-0.203431085,0.063711167
17.9,0.179,-0.19810092,0.063505954
18,0.18,-0.191271109,0.063407042
18.1,0.181,-0.181918293,0.063406257
18.2,0.182,-0.170877743,0.063495744
18.3,0.183,-0.158584286,0.063667887
18.4,0.184,-0.1456396,0.063915234
18.5,0.185,-0.133222773,0.064230427
18.6,0.186,-0.121398524,0.064606144
18.7,0.187,-0.110084943,0.065035039
18.8,0.188,-0.099864496,0.065509698
18.9,0.189,-0.090351906,0.066022608
19,0.19,-0.082296491,0.066566126
19.1,0.191,-0.075323086,0.067132466
19.2,0.192,-0.069877642,0.067713686
19.3,0.193,-0.065438366,0.068301691
19.4,0.194,-0.061483466,0.068888235
19.5,0.195,-0.057891597,0.069464928
19.6,0.196,-0.05412074,0.070023255
19.7,0.197,-0.049511579,0.070554588
19.8,0.198,-0.045320053,0.071050211
19.9,0.199,-0.040102134,0.071501336
20,0.2,-0.035864091,0.071899134
20.1,0.201,-0.033056932,0.072234757
20.2,0.202,-0.031564364,0.072499367
20.3,0.203,-0.031837395,0.072684171
20.4,0.204,-0.032791991,0.072780452
20.5,0.205,-0.035289716,0.072779607
20.6,0.206,-0.038403276,0.072673196
20.7,0.207,-0.041195267,0.072452988
20.8,0.208,-0.043929619,0.072111026
20.9,0.209,-0.046439478,0.072111026
21,0.21,-0.048948326,0.072111026
21.1,0.211,-0.050534938,0.072111026
21.2,0.212,-0.051549196,0.072111026
21.3,0.213,-0.053054909,0.072111026
21.4,0.214,-0.054580847,0.072111026
21.5,0.215,-0.056790373,0.072111026
21.6,0.216,-0.058968551,0.072111026
21.7,0.217,-0.061778744,0.072111026
21.8,0.218,-0.064906462,0.072111026
21.9,0.219,-0.067459804,0.072111026
22,0.22,-0.070061685,0.072111026
22.1,0.221,-0.074546466,0.072111026
22.2,0.222,-0.079932248,0.072452988
22.3,0.223,-0.086068359,0.072673196
22.4,0.224,-0.091846496,0.073122945
22.5,0.225,-0.098124178,0.073344874
22.6,0.226,-0.101634139,0.073355046
22.7,0.227,-0.10388108,0.073170356
22.8,0.228,-0.105715441,0.072808333
22.9,0.229,-0.107030033,0.072286971
23,0.23,-0.108138336,0.071624597
23.1,0.231,-0.10936394,0.070839748
23.2,0.232,-0.109338659,0.069951063
23.3,0.233,-0.108629791,0.068977179
23.4,0.234,-0.107227222,0.067936631
23.5,0.235,-0.105521286,0.066847746
23.6,0.236,-0.102513904,0.065728541
23.7,0.237,-0.099299221,0.064596616
23.8,0.238,-0.096150268,0.063469047
23.9,0.239,-0.092772778,0.062362288
24,0.24,-0.089840227,0.060981593
24.1,0.241,-0.087302053,0.059770504
24.2,0.242,-0.084950956,0.058730631
24.3,0.243,-0.082893114,0.057863359
24.4,0.244,-0.081234705,0.057170167
24.5,0.245,-0.079514612,0.05665298
24.6,0.246,-0.078396198,0.056314562
24.7,0.247,-0.078542825,0.056158897
24.8,0.248,-0.079650116,0.056191557
24.9,0.249,-0.081980989,0.056420009
25,0.25,-0.086365659,0.056853842
25.1,0.251,-0.093644453,0.057504886
25.2,0.252,-0.101430883,0.058387208
25.3,0.253,-0.109928203,0.059098128
25.4,0.254,-0.118184852,0.05993675
25.5,0.255,-0.126196784,0.060480165
25.6,0.256,-0.132805137,0.061023585
25.7,0.257,-0.139500455,0.061559145
25.8,0.258,-0.14573061,0.062078796
25.9,0.259,-0.151921327,0.062574334
26,0.26,-0.158351704,0.063037421
26.1,0.261,-0.16434321,0.063459626
26.2,0.262,-0.169794721,0.063832453
26.3,0.263,-0.174615229,0.064147386
26.4,0.264,-0.178880574,0.064395922
26.5,0.265,-0.182519972,0.064569622
26.6,0.266,-0.184905451,0.064660157
26.7,0.267,-0.186954192,0.064659362
26.8,0.268,-0.187804631,0.064559303
26.9,0.269,-0.188140358,0.064352345
27,0.27,-0.188087774,0.064031242
27.1,0.271,-0.188193953,0.064352345
27.2,0.272,-0.1873243,0.064559303
27.3,0.273,-0.184911518,0.064659362
27.4,0.274,-0.182901203,0.064660157
27.5,0.275,-0.17976843,0.064569622
27.6,0.276,-0.176511275,0.064395922
27.7,0.277,-0.172349075,0.064147386
27.8,0.278,-0.167479017,0.063832453
27.9,0.279,-0.162508848,0.063459626
28,0.28,-0.157235312,0.063037421
28.1,0.281,-0.152022449,0.062574334
28.2,0.282,-0.146667004,0.062078796
28.3,0.283,-0.142344019,0.061559145
28.4,0.284,-0.138693498,0.061023585
28.5,0.285,-0.135766003,0.060480165
28.6,0.286,-0.133201537,0.05993675
28.7,0.287,-0.13104055,0.059401001
28.8,0.288,-0.129313379,0.058880362
28.9,0.289,-0.128196987,0.058382052
29,0.29,-0.128268783,0.057913066
29.1,0.291,-0.128404288,0.05748019
29.2,0.292,-0.129414501,0.057090025
29.3,0.293,-0.130311457,0.05674902
29.4,0.294,-0.132042674,0.056463529
29.5,0.295,-0.134577814,0.056239873
29.6,0.296,-0.137319244,0.05608442
29.7,0.297,-0.140226514,0.056003676
29.8,0.298,-0.142838507,0.056004383
29.9,0.299,-0.146629588,0.056093636
30,0.3,-0.151128527,0.056278983
30.1,0.301,-0.156274649,0.056568542
30.2,0.302,-0.161439984,0.056568542
30.3,0.303,-0.166397007,0.056568542
30.4,0.304,-0.172042674,0.056568542
30.5,0.305,-0.176761048,0.056568542
30.6,0.306,-0.181282233,0.056568542
30.7,0.307,-0.184947922,0.056568542
30.8,0.308,-0.188634847,0.056568542
30.9,0.309,-0.19184144,0.056568542
31,0.31,-0.194476691,0.056568542
31.1,0.311,-0.197427445,0.056568542
31.2,0.312,-0.1998018,0.056568542
31.3,0.313,-0.202253008,0.056568542
31.4,0.314,-0.203899282,0.056568542
31.5,0.315,-0.205237132,0.056568542
31.6,0.316,-0.205785216,0.056568542
31.7,0.317,-0.206597229,0.056568542
31.8,0.318,-0.207602386,0.056568542
31.9,0.319,-0.208740014,0.056568542
32,0.32,-0.210116291,0.056568542
32.1,0.321,-0.211690768,0.056568542
32.2,0.322,-0.213276368,0.056568542
32.3,0.323,-0.21428557,0.056568542
32.4,0.324,-0.215265446,0.056568542
32.5,0.325,-0.215384771,0.056568542
32.6,0.326,-0.215601173,0.056568542
32.7,0.327,-0.214926686,0.056568542
32.8,0.328,-0.21447568,0.056568542
32.9,0.329,-0.213984225,0.056568542
33,0.33,-0.213598948,0.056568542
33.1,0.331,-0.213720295,0.056568542
33.2,0.332,-0.213370412,0.056568542
33.3,0.333,-0.213106482,0.056568542
33.4,0.334,-0.212918394,0.056568542
33.5,0.335,-0.21361715,0.056568542
33.6,0.336,-0.214488826,0.056568542
33.7,0.337,-0.215396906,0.056568542
33.8,0.338,-0.215804429,0.056568542
33.9,0.339,-0.21615229,0.056568542
34,0.34,-0.215913641,0.056568542
34.1,0.341,-0.215539488,0.056568542
34.2,0.342,-0.213535241,0.056568542
34.3,0.343,-0.211476388,0.056568542
34.4,0.344,-0.20899282,0.056568542
34.5,0.345,-0.206692284,0.056568542
34.6,0.346,-0.204214784,0.056568542
34.7,0.347,-0.202178178,0.056568542
34.8,0.348,-0.199822024,0.056568542
34.9,0.349,-0.196786328,0.056568542
35,0.35,-0.193668723,0.056568542
35.1,0.351,-0.19105673,0.056568542
35.2,0.352,-0.188403276,0.056568542
35.3,0.353,-0.185972292,0.056568542
35.4,0.354,-0.18361715,0.056568542
35.5,0.355,-0.18175852,0.056568542
35.6,0.356,-0.180827182,0.056568542
35.7,0.357,-0.179318435,0.056568542
35.8,0.358,-0.178651026,0.056568542
35.9,0.359,-0.178308221,0.056568542
36,0.36,-0.17876125,0.056278983
36.1,0.361,-0.179523713,0.056093636
36.2,0.362,-0.180373142,0.056004383
36.3,0.363,-0.181664476,0.056003676
36.4,0.364,-0.182951765,0.05608442
36.5,0.365,-0.184209728,0.056239873
36.6,0.366,-0.184288603,0.056463529
36.7,0.367,-0.183416928,0.05674902
36.8,0.368,-0.181002124,0.057090025
36.9,0.369,-0.177986652,0.05748019
37,0.37,-0.173367378,0.057913066
37.1,0.371,-0.167676206,0.058382052
37.2,0.372,-0.160056629,0.058880362
37.3,0.373,-0.15215492,0.059401001
37.4,0.374,-0.143261199,0.05993675
37.5,0.375,-0.134043887,0.060480165
37.6,0.376,-0.124193548,0.061023585
37.7,0.377,-0.11436849,0.061559145
37.8,0.378,-0.103838609,0.062078796
37.9,0.379,-0.093966023,0.062574334
38,0.38,-0.085134998,0.063037421
38.1,0.381,-0.077729801,0.063459626
38.2,0.382,-0.071567398,0.063832453
38.3,0.383,-0.066865204,0.064147386
38.4,0.384,-0.063263222,0.064395922
38.5,0.385,-0.061769643,0.064569622
38.6,0.386,-0.061847507,0.064660157
38.7,0.387,-0.063770857,0.064659362
38.8,0.388,-0.067403175,0.064559303
38.9,0.389,-0.072197391,0.064352345
39,0.39,-0.078006876,0.064031242
39.1,0.391,-0.084674891,0.064352345
39.2,0.392,-0.092034584,0.064559303
39.3,0.393,-0.098931136,0.064659362
39.4,0.394,-0.106956214,0.064660157
39.5,0.395,-0.115188593,0.064569622
39.6,0.396,-0.122863788,0.064395922
39.7,0.397,-0.130185054,0.064147386
39.8,0.398,-0.136377794,0.063832453
39.9,0.399,-0.142202447,0.063459626
40,0.4,-0.14647386,0.063037421
40.1,0.401,-0.149131358,0.062574334
40.2,0.402,-0.15108201,0.062078796
40.3,0.403,-0.152265143,0.061559145
40.4,0.404,-0.151809081,0.061023585
40.5,0.405,-0.150377187,0.060480165
40.6,0.406,-0.148065527,0.05993675
40.7,0.407,-0.144970169,0.059401001
40.8,0.408,-0.141187178,0.058880362
40.9,0.409,-0.137790474,0.058382052
41,0.41,-0.134485792,0.057913066
41.1,0.411,-0.131810092,0.05748019
41.2,0.412,-0.129342704,0.057090025
41.3,0.413,-0.127240368,0.05674902
41.4,0.414,-0.125669936,0.056463529
41.5,0.415,-0.12521893,0.056239873
41.6,0.416,-0.125360502,0.05608442
41.7,0.417,-0.125988472,0.056003676
41.8,0.418,-0.126439478,0.056004383
41.9,0.419,-0.127028011,0.056093636
42,0.42,-0.127257559,0.056278983
42.1,0.421,-0.127198908,0.056568542
42.2,0.422,-0.126922844,0.056568542
42.3,0.423,-0.126089594,0.056568542
42.4,0.424,-0.125894428,0.056568542
42.5,0.425,-0.124862979,0.056568542
42.6,0.426,-0.122889069,0.056568542
42.7,0.427,-0.120570331,0.056568542
42.8,0.428,-0.11792699,0.056568542
42.9,0.429,-0.115379715,0.056568542
43,0.43,-0.112371322,0.056568542
43.1,0.431,-0.109722924,0.056568542
43.2,0.432,-0.107444635,0.056568542
43.3,0.433,-0.104578825,0.056568542
43.4,0.434,-0.10195672,0.056568542
43.5,0.435,-0.099598544,0.056568542
43.6,0.436,-0.097691374,0.056568542
43.7,0.437,-0.095865103,0.056568542
43.8,0.438,-0.094727475,0.056568542
43.9,0.439,-0.094329052,0.056568542
44,0.44,-0.094573769,0.056568542
44.1,0.441,-0.09537567,0.056568542
44.2,0.442,-0.09568106,0.056568542
44.3,0.443,-0.095971281,0.056568542
44.4,0.444,-0.09631712,0.056568542
44.5,0.445,-0.097199919,0.056568542
44.6,0.446,-0.09797654,0.056568542
44.7,0.447,-0.0984144,0.056568542
44.8,0.448,-0.097870361,0.056568542
44.9,0.449,-0.096669026,0.056568542
45,0.45,-0.094157144,0.056568542
45.1,0.451,-0.09162706,0.056859591
45.2,0.452,-0.088435636,0.05704747
45.3,0.453,-0.08451714,0.057138386
45.4,0.454,-0.079972697,0.057139108
45.5,0.455,-0.07491354,0.057056844
45.6,0.456,-0.068483163,0.056899133
45.7,0.457,-0.061927394,0.056673751
45.8,0.458,-0.05552432,0.056388639
45.9,0.459,-0.048584286,0.056051825
46,0.46,-0.041385378,0.055671361
46.1,0.461,-0.034606128,0.055255267
46.2,0.462,-0.027379917,0.054811475
46.3,0.463,-0.019954495,0.054347772
46.4,0.464,-0.012714127,0.053871763
46.5,0.465,-0.005455557,0.05339082
46.6,0.466,0.000666397,0.052912047
46.7,0.467,0.005895439,0.052442253
46.8,0.468,0.009517646,0.051987931
46.9,0.469,0.010985944,0.051555244
47,0.47,0.011298412,0.051150033
47.1,0.471,0.0104955,0.050777833
47.2,0.472,0.008227323,0.050443909
47.3,0.473,0.004154111,0.050153311
47.4,0.474,-0.001653352,0.049910952
47.5,0.475,-0.00912428,0.049721694
47.6,0.476,-0.017210031,0.049590472
47.7,0.477,-0.026640712,0.049522418
47.8,0.478,-0.036190717,0.049523015
47.9,0.479,-0.046726666,0.049598243
48,0.48,-0.05715947,0.04975475
48.1,0.481,-0.068335524,0.05
48.2,0.482,-0.078578218,0.05
48.3,0.483,-0.088136313,0.05
48.4,0.484,-0.097648903,0.05
48.5,0.485,-0.10636667,0.05
48.6,0.486,-0.114097482,0.05
48.7,0.487,-0.121616948,0.05
48.8,0.488,-0.128732936,0.05
48.9,0.489,-0.134696127,0.05
49,0.49,-0.140302356,0.05
49.1,0.491,-0.14497927,0.05
49.2,0.492,-0.148164627,0.05
49.3,0.493,-0.149863485,0.05
49.4,0.494,-0.150804935,0.05
49.5,0.495,-0.150907068,0.05
49.6,0.496,-0.151065831,0.05
49.7,0.497,-0.151052685,0.05
49.8,0.498,-0.151616948,0.05
49.9,0.499,-0.152950753,0.05
50,0.5,-0.154121751,0.05
50.1,0.501,-0.155732632,0.05
50.2,0.502,-0.1592072,0.05
50.3,0.503,-0.16331985,0.04975475
50.4,0.504,-0.167832946,0.049598243
50.5,0.505,-0.17251896,0.049523015
50.6,0.506,-0.177571039,0.049522418
50.7,0.507,-0.183202548,0.049590472
50.8,0.508,-0.187701487,0.049721694
50.9,0.509,-0.191878855,0.049910952
51,0.51,-0.19517747,0.050153311
51.1,0.511,-0.198438669,0.050443909
51.2,0.512,-0.201399535,0.050777833
51.3,0.513,-0.204238042,0.051150033
51.4,0.514,-0.207583173,0.051555244
51.5,0.515,-0.209444838,0.051987931
51.6,0.516,-0.209975731,0.052442253
51.7,0.517,-0.208958439,0.052912047
51.8,0.518,-0.206059258,0.053119777
51.9,0.519,-0.197543735,0.053422312
52,0.52,-0.184585904,0.053808138
52.1,0.521,-0.167351603,0.054265696
52.2,0.522,-0.147354636,0.054783137
52.3,0.523,-0.124289615,0.055348139
52.4,0.524,-0.099923147,0.055947792
52.5,0.525,-0.075844878,0.056568542
52.6,0.526,-0.053487714,0.057196182
52.7,0.527,-0.031938518,0.057815882
52.8,0.528,-0.01222975,0.058412259
52.9,0.529,0.005173425,0.058969467
53,0.53,0.020373142,0.059471309
53.1,0.531,0.032503792,0.059901363
53.2,0.532,0.041520882,0.060243126
53.3,0.533,0.048114066,0.060480165
53.4,0.534,0.052182223,0.061023585
53.5,0.535,0.053087269,0.061559145
53.6,0.536,0.0511892,0.062078796
53.7,0.537,0.04687835,0.062574334
53.8,0.538,0.039764385,0.063037421
53.9,0.539,0.029897866,0.063459626
54,0.54,0.016792396,0.063832453
54.1,0.541,-0.000272019,0.064468856
54.2,0.542,-0.019492365,0.06492586
54.3,0.543,-0.04083426,0.065201013
54.4,0.544,-0.063108504,0.065292887
54.5,0.545,-0.084528264,0.065201013
54.6,0.546,-0.105055112,0.06492586
54.7,0.547,-0.123799171,0.064468856
54.8,0.548,-0.139429669,0.063832453
54.9,0.549,-0.150985944,0.063459626
55,0.55,-0.161848519,0.063037421
55.1,0.551,-0.171586611,0.062574334
55.2,0.552,-0.180367075,0.062078796
55.3,0.553,-0.1878198,0.061559145
55.4,0.554,-0.19431894,0.061023585
55.5,0.555,-0.20082617,0.060480165
55.6,0.556,-0.206064314,0.05993675
55.7,0.557,-0.209577308,0.059401001
55.8,0.558,-0.212854687,0.058880362
55.9,0.559,-0.214629386,0.058382052
56,0.56,-0.215990494,0.057913066
56.1,0.561,-0.216492062,0.05748019
56.2,0.562,-0.216255435,0.057090025
56.3,0.563,-0.219664273,0.05674902
56.4,0.564,-0.22511983,0.056463529
56.5,0.565,-0.232502781,0.056239873
56.6,0.566,-0.237385984,0.05608442
56.7,0.567,-0.230878754,0.056003676
56.8,0.568,-0.227210031,0.056004383
56.9,0.569,-0.224951967,0.056093636
57,0.57,-0.224682981,0.055990937
57.1,0.571,-0.225507129,0.056093636
57.2,0.572,-0.225454545,0.056004383
57.3,0.573,-0.225519264,0.056003676
57.4,0.574,-0.224232986,0.05608442
57.5,0.575,-0.221556275,0.056239873
57.6,0.576,-0.215858024,0.056463529
57.7,0.577,-0.205019719,0.05674902
57.8,0.578,-0.190550106,0.057090025
57.9,0.579,-0.172969967,0.05748019
58,0.58,-0.152789969,0.057913066
58.1,0.581,-0.130353929,0.058382052
58.2,0.582,-0.105584993,0.058880362
58.3,0.583,-0.07952068,0.059401001
58.4,0.584,-0.052621094,0.05993675
58.5,0.585,-0.026470826,0.060480165
58.6,0.586,-0.001529983,0.061023585
58.7,0.587,0.021887956,0.061559145
58.8,0.588,0.042892102,0.062078796
58.9,0.589,0.061705936,0.062574334
59,0.59,0.076997674,0.063037421
59.1,0.591,0.089360906,0.063459626
59.2,0.592,0.097990697,0.063832453
59.3,0.593,0.102472444,0.064147386
59.4,0.594,0.107476995,0.064395922
59.5,0.595,0.114050966,0.064569622
59.6,0.596,0.124289615,0.064660157
59.7,0.597,0.135840833,0.064659362
59.8,0.598,0.135641622,0.064559303
59.9,0.599,0.134619274,0.064352345
60,0.6,0.132519972,0.064031242
60.1,0.601,0.130118313,0.064031242
60.2,0.602,0.127839013,0.064031242
60.3,0.603,0.125600162,0.064031242
60.4,0.604,0.123937709,0.064031242
60.5,0.605,0.124005461,0.064031242
60.6,0.606,0.126450602,0.064031242
60.7,0.607,0.129868541,0.064031242
60.8,0.608,0.131994135,0.064031242
60.9,0.609,0.133719284,0.064031242
61,0.61,0.134947922,0.064031242
61.1,0.611,0.135163313,0.064031242
61.2,0.612,0.135373647,0.064031242
61.3,0.613,0.134064112,0.064031242
61.4,0.614,0.13205582,0.064031242
61.5,0.615,0.129181919,0.064031242
61.6,0.616,0.124854889,0.064031242
61.7,0.617,0.120168875,0.064031242
61.8,0.618,0.114829609,0.064031242
61.9,0.619,0.109510567,0.064031242
62,0.62,0.105295783,0.064031242
62.1,0.621,0.101744362,0.064031242
62.2,0.622,0.099403377,0.064031242
62.3,0.623,0.098272828,0.064031242
62.4,0.624,0.097962382,0.064031242
62.5,0.625,0.099480231,0.064031242
62.6,0.626,0.101909192,0.064031242
62.7,0.627,0.105320053,0.064031242
62.8,0.628,0.108659116,0.064031242
62.9,0.629,0.111019314,0.064031242
63,0.63,0.112597836,0.064031242
63.1,0.631,0.112740419,0.064031242
63.2,0.632,0.112697947,0.064031242
63.3,0.633,0.112145819,0.064031242
63.4,0.634,0.111696835,0.064031242
63.5,0.635,0.111522904,0.064031242
63.6,0.636,0.112176155,0.064031242
63.7,0.637,0.113464455,0.064031242
63.8,0.638,0.116563859,0.064031242
63.9,0.639,0.121272121,0.064031242
64,0.64,0.126575994,0.064031242
64.1,0.641,0.13284053,0.064031242
64.2,0.642,0.140430782,0.064031242
64.3,0.643,0.148744059,0.064031242
64.4,0.644,0.157744969,0.064031242
64.5,0.645,0.167398119,0.064031242
64.6,0.646,0.177511376,0.064031242
64.7,0.647,0.188870462,0.064031242
64.8,0.648,0.200892911,0.064031242
64.9,0.649,0.213573668,0.064031242
65,0.65,0.226917787,0.064031242
65.1,0.651,0.239805845,0.064031242
65.2,0.652,0.252496714,0.064031242
65.3,0.653,0.264271413,0.064031242
65.4,0.654,0.274811407,0.064031242
65.5,0.655,0.284765902,0.064031242
65.6,0.656,0.29227121,0.064031242
65.7,0.657,0.297966427,0.064031242
65.8,0.658,0.301102235,0.064031242
65.9,0.659,0.301897057,0.064031242
66,0.66,0.301703913,0.063711167
66.1,0.661,0.299696633,0.063505954
66.2,0.662,0.297738902,0.063407042
66.3,0.663,0.295211852,0.063406257
66.4,0.664,0.292905248,0.063495744
66.5,0.665,0.290661341,0.063667887
66.6,0.666,0.289320457,0.063915234
66.7,0.667,0.28820811,0.064230427
66.8,0.668,0.287070482,0.064606144
66.9,0.669,0.285497017,0.065035039
67,0.67,0.283888159,0.065509698
67.1,0.671,0.282390535,0.066022608
67.2,0.672,0.281150774,0.066566126
67.3,0.673,0.280158762,0.067132466
67.4,0.674,0.279404389,0.067713686
67.5,0.675,0.279855395,0.068301691
67.6,0.676,0.280544039,0.068888235
67.7,0.677,0.281480433,0.069464928
67.8,0.678,0.282517949,0.070023255
67.9,0.679,0.283509961,0.070554588
68,0.68,0.284877136,0.071050211
68.1,0.681,0.285661846,0.071501336
68.2,0.682,0.286852058,0.071899134
68.3,0.683,0.288311255,0.072234757
68.4,0.684,0.289502478,0.072499367
68.5,0.685,0.290456062,0.072684171
68.6,0.686,0.290635049,0.072780452
68.7,0.687,0.290880777,0.072779607
68.8,0.688,0.291066842,0.072673196
68.9,0.689,0.290666397,0.072452988
69,0.69,0.289719891,0.072111026
69.1,0.691,0.288111032,0.072452988
69.2,0.692,0.286290828,0.072673196
69.3,0.693,0.283899282,0.072779607
69.4,0.694,0.281397512,0.072780452
69.5,0.695,0.278689453,0.072684171
69.6,0.696,0.275278592,0.072499367
69.7,0.697,0.271646274,0.072234757
69.8,0.698,0.268127212,0.071899134
69.9,0.699,0.26466579,0.071501336
70,0.7,0.260405501,0.071050211
70.1,0.701,0.255878249,0.070554588
70.2,0.702,0.251626049,0.070023255
70.3,0.703,0.246822732,0.069464928
70.4,0.704,0.241209425,0.068888235
70.5,0.705,0.235084437,0.068301691
70.6,0.706,0.228579229,0.067713686
70.7,0.707,0.221815148,0.067132466
70.8,0.708,0.215470725,0.066566126
70.9,0.709,0.208679341,0.066022608
71,0.71,0.202099302,0.065509698
71.1,0.711,0.196632622,0.065035039
71.2,0.712,0.192624128,0.064606144
71.3,0.713,0.189871574,0.064230427
71.4,0.714,0.187879462,0.063915234
71.5,0.715,0.185918698,0.063667887
71.6,0.716,0.184815452,0.063495744
71.7,0.717,0.183470523,0.063406257
71.8,0.718,0.180951562,0.063407042
71.9,0.719,0.17770452,0.063505954
72,0.72,0.174175346,0.063711167
72.1,0.721,0.169998989,0.064031242
72.2,0.722,0.164810395,0.064031242
72.3,0.723,0.159212256,0.064031242
72.4,0.724,0.153807261,0.064031242
72.5,0.725,0.148073617,0.064031242
72.6,0.726,0.141078977,0.064031242
72.7,0.727,0.134393771,0.064031242
72.8,0.728,0.127075538,0.064031242
72.9,0.729,0.118582263,0.064031242
73,0.73,0.109329558,0.064031242
73.1,0.731,0.099469107,0.064031242
73.2,0.732,0.089553039,0.064031242
73.3,0.733,0.078998888,0.064031242
73.4,0.734,0.06834867,0.064031242
73.5,0.735,0.058301143,0.064031242
73.6,0.736,0.048744059,0.064031242
73.7,0.737,0.039975731,0.064031242
73.8,0.738,0.032294469,0.064031242
73.9,0.739,0.025588027,0.064031242
74,0.74,0.020711902,0.064031242
74.1,0.741,0.018111032,0.064031242
74.2,0.742,0.016528466,0.064031242
74.3,0.743,0.016475882,0.064031242
74.4,0.744,0.0177207,0.064031242
74.5,0.745,0.019696633,0.064031242
74.6,0.746,0.023362322,0.064031242
74.7,0.747,0.026752958,0.064031242
74.8,0.748,0.030817069,0.064031242
74.9,0.749,0.035281626,0.064031242
75,0.75,0.039883709,0.064031242
75.1,0.751,0.043392659,0.064031242
75.2,0.752,0.047090707,0.064031242
75.3,0.753,0.050324603,0.064031242
75.4,0.754,0.053429063,0.064031242
75.5,0.755,0.055213874,0.064031242
75.6,0.756,0.055877237,0.064031242
75.7,0.757,0.055784205,0.064031242
75.8,0.758,0.054342198,0.064031242
75.9,0.759,0.05137931,0.064031242
76,0.76,0.046890484,0.064031242
76.1,0.761,0.040059662,0.064031242
76.2,0.762,0.032583679,0.064031242
76.3,0.763,0.023499848,0.064031242
76.4,0.764,0.012823339,0.064031242
76.5,0.765,0.001136616,0.064031242
76.6,0.766,-0.011535039,0.064031242
76.7,0.767,-0.025410052,0.064031242
76.8,0.768,-0.039728992,0.064031242
76.9,0.769,-0.053879058,0.064031242
77,0.77,-0.068458894,0.064031242
77.1,0.771,-0.082111437,0.064031242
77.2,0.772,-0.095004551,0.064031242
77.3,0.773,-0.106728688,0.064031242
77.4,0.774,-0.116453635,0.064031242
77.5,0.775,-0.1254414,0.064031242
77.6,0.776,-0.13357569,0.064031242
77.7,0.777,-0.140907068,0.064031242
77.8,0.778,-0.147496208,0.064031242
77.9,0.779,-0.153413894,0.064031242
78,0.78,-0.158330468,0.063711167
78.1,0.781,-0.163715239,0.063505954
78.2,0.782,-0.167566994,0.063407042
78.3,0.783,-0.171375265,0.063406257
78.4,0.784,-0.174283547,0.063495744
78.5,0.785,-0.176980483,0.063667887
78.6,0.786,-0.18000809,0.063915234
78.7,0.787,-0.183361311,0.064230427
78.8,0.788,-0.187055314,0.064606144
78.9,0.789,-0.19153605,0.065035039
79,0.79,-0.195891394,0.065509698
79.1,0.791,-0.200607746,0.066022608
79.2,0.792,-0.204489837,0.066566126
79.3,0.793,-0.207887552,0.067132466
79.4,0.794,-0.210907068,0.067713686
79.5,0.795,-0.211865709,0.068301691
79.6,0.796,-0.211319648,0.068888235
79.7,0.797,-0.210362018,0.069464928
79.8,0.798,-0.207953281,0.070023255
79.9,0.799,-0.205526342,0.070554588
80,0.8,-0.203662655,0.071050211
80.1,0.801,-0.202599858,0.071501336
80.2,0.802,-0.204187481,0.071899134
80.3,0.803,-0.20776216,0.072576977
80.4,0.804,-0.213071089,0.073062853
80.5,0.805,-0.220428759,0.073355046
80.6,0.806,-0.229181919,0.073452554
80.7,0.807,-0.239087875,0.073355046
80.8,0.808,-0.250471231,0.073062853
80.9,0.809,-0.263920518,0.072576977
81,0.81,-0.279330569,0.071899134
81.1,0.811,-0.297047224,0.071501336
81.2,0.812,-0.314797249,0.071050211
81.3,0.813,-0.333271312,0.070554588
81.4,0.814,-0.350443928,0.070023255
81.5,0.815,-0.367253514,0.069464928
81.6,0.816,-0.382743452,0.068888235
81.7,0.817,-0.395440388,0.068301691
81.8,0.818,-0.401594701,0.068045387
81.9,0.819,-0.405229042,0.067675343
82,0.82,-0.405290727,0.067208829
82.1,0.821,-0.402292446,0.066663161
82.2,0.822,-0.394831631,0.066055598
82.3,0.823,-0.382914349,0.065403239
82.4,0.824,-0.356723632,0.064722942
82.5,0.825,-0.324782081,0.064031242
82.6,0.826,-0.29438467,0.063344293
82.7,0.827,-0.266403074,0.062677819
82.8,0.828,-0.240254829,0.062047096
82.9,0.829,-0.21641622,0.061466957
83,0.83,-0.193812317,0.06095183
83.1,0.831,-0.172309637,0.060515821
83.2,0.832,-0.151404591,0.060172836
83.3,0.833,-0.131268076,0.05993675
83.4,0.834,-0.112324805,0.059401001
83.5,0.835,-0.094588937,0.058880362
83.6,0.836,-0.07904237,0.058382052
83.7,0.837,-0.066099707,0.057913066
83.8,0.838,-0.055764991,0.05748019
83.9,0.839,-0.049010011,0.057090025
84,0.84,-0.044126808,0.05674902
84.1,0.841,-0.041576499,0.056463529
84.2,0.842,-0.039677419,0.056239873
84.3,0.843,-0.039053494,0.05608442
84.4,0.844,-0.038743048,0.056003676
84.5,0.845,-0.03886844,0.056004383
84.6,0.846,-0.038533724,0.056093636
84.7,0.847,-0.038024067,0.056278983
84.8,0.848,-0.036616443,0.056568542
84.9,0.849,-0.038663161,0.056568542
85,0.85,-0.039365962,0.056568542
85.1,0.851,-0.039126302,0.056568542
85.2,0.852,-0.036780261,0.056568542
85.3,0.853,-0.032111437,0.056568542
85.4,0.854,-0.023905349,0.056568542
85.5,0.855,-0.024942866,0.056568542
85.6,0.856,-0.031399535,0.056568542
85.7,0.857,-0.036839923,0.056568542
85.8,0.858,-0.040428759,0.056568542
85.9,0.859,-0.041270098,0.056568542
86,0.86,-0.039375063,0.056568542
86.1,0.861,-0.035418141,0.056568542
86.2,0.862,-0.030914147,0.056568542
86.3,0.863,-0.026136111,0.056568542
86.4,0.864,-0.021346951,0.056568542
86.5,0.865,-0.016232177,0.056568542
86.6,0.866,-0.012002225,0.056568542
86.7,0.867,-0.009143493,0.056568542
86.8,0.868,-0.007428456,0.056568542
86.9,0.869,-0.007206998,0.056568542
87,0.87,-0.007871372,0.056568542
87.1,0.871,-0.0098018,0.056568542
87.2,0.872,-0.012420872,0.056568542
87.3,0.873,-0.016139145,0.056568542
87.4,0.874,-0.020409546,0.056568542
87.5,0.875,-0.025105673,0.056568542
87.6,0.876,-0.030678532,0.056568542
87.7,0.877,-0.036210941,0.056568542
87.8,0.878,-0.041606836,0.056568542
87.9,0.879,-0.047023966,0.056568542
88,0.88,-0.051652341,0.056568542
88.1,0.881,-0.055816564,0.056568542
88.2,0.882,-0.058873496,0.056568542
88.3,0.883,-0.061001112,0.056568542
88.4,0.884,-0.061409647,0.056568542
88.5,0.885,-0.059876631,0.056568542
88.6,0.886,-0.056179593,0.056568542
88.7,0.887,-0.049118212,0.056568542
88.8,0.888,-0.040562241,0.056568542
88.9,0.889,-0.030192133,0.056568542
89,0.89,-0.018833047,0.056568542
89.1,0.891,-0.00676307,0.056568542
89.2,0.892,0.005719486,0.056568542
89.3,0.893,0.018706644,0.056568542
89.4,0.894,0.0308919,0.056568542
89.5,0.895,0.042894125,0.056568542
89.6,0.896,0.053776924,0.056568542
89.7,0.897,0.063150976,0.056568542
89.8,0.898,0.072308626,0.056568542
89.9,0.899,0.080753362,0.056568542
90,0.9,0.088555971,0.056568542
90.1,0.901,0.095376681,0.056568542
90.2,0.902,0.101843462,0.056568542
90.3,0.903,0.108016989,0.056568542
90.4,0.904,0.113957933,0.056568542
90.5,0.905,0.119726969,0.056568542
90.6,0.906,0.125384771,0.056568542
90.7,0.907,0.130992011,0.056568542
90.8,0.908,0.136863181,0.056568542
90.9,0.909,0.142755587,0.056568542
91,0.91,0.149160684,0.056568542
91.1,0.911,0.156022854,0.056568542
91.2,0.912,0.162739407,0.056568542
91.3,0.913,0.169695621,0.056568542
91.4,0.914,0.176886439,0.056568542
91.5,0.915,0.18432703,0.056568542
91.6,0.916,0.191485489,0.056568542
91.7,0.917,0.198407321,0.056568542
91.8,0.918,0.204991405,0.056568542
91.9,0.919,0.211146729,0.056568542
92,0.92,0.216792396,0.056568542
92.1,0.921,0.221290323,0.056568542
92.2,0.922,0.225547578,0.056568542
92.3,0.923,0.22812519,0.056568542
92.4,0.924,0.229529781,0.056568542
92.5,0.925,0.230678532,0.056568542
92.6,0.926,0.23055314,0.056568542
92.7,0.927,0.229523713,0.056568542
92.8,0.928,0.227559915,0.056568542
92.9,0.929,0.224641521,0.056568542
93,0.93,0.220758418,0.056568542
93.1,0.931,0.216067348,0.056568542
93.2,0.932,0.211713014,0.056568542
93.3,0.933,0.206914754,0.056568542
93.4,0.934,0.202290424,0.056568542
93.5,0.935,0.197500253,0.056568542
93.6,0.936,0.192781879,0.056568542
93.7,0.937,0.188793609,0.056568542
93.8,0.938,0.184825564,0.056568542
93.9,0.939,0.180988978,0.056568542
94,0.94,0.177238346,0.056568542
94.1,0.941,0.173684902,0.056568542
94.2,0.942,0.170283143,0.056568542
94.3,0.943,0.167808676,0.056568542
94.4,0.944,0.165512185,0.056568542
94.5,0.945,0.164042876,0.056568542
94.6,0.946,0.162124583,0.056568542
94.7,0.947,0.160036404,0.056568542
94.8,0.948,0.157667105,0.056568542
94.9,0.949,0.154358378,0.056568542
95,0.95,0.15085044,0.056568542
95.1,0.951,0.145547578,0.056568542
95.2,0.952,0.139787643,0.056568542
95.3,0.953,0.132415816,0.056568542
95.4,0.954,0.124399838,0.056568542
95.5,0.955,0.115349378,0.056568542
95.6,0.956,0.105148144,0.056568542
95.7,0.957,0.093289514,0.056568542
95.8,0.958,0.080254829,0.056568542
95.9,0.959,0.065567803,0.056568542
96,0.96,0.048919001,0.056278983
96.1,0.961,0.030566286,0.056093636
96.2,0.962,0.010924259,0.056004383
96.3,0.963,-0.009749216,0.056003676
96.4,0.964,-0.031196279,0.05608442
96.5,0.965,-0.053159066,0.056239873
96.6,0.966,-0.074969158,0.056463529
96.7,0.967,-0.096769137,0.05674902
96.8,0.968,-0.11829103,0.057090025
96.9,0.969,-0.138289008,0.05748019
97,0.97,-0.157452725,0.057913066
97.1,0.971,-0.175493983,0.058382052
97.2,0.972,-0.191557286,0.058880362
97.3,0.973,-0.206322176,0.059401001
97.4,0.974,-0.220888866,0.05993675
97.5,0.975,-0.23444231,0.060480165
97.6,0.976,-0.246921832,0.061023585
97.7,0.977,-0.258297098,0.061559145
97.8,0.978,-0.268000809,0.062078796
97.9,0.979,-0.276463748,0.062574334
98,0.98,-0.283169178,0.063037421
98.1,0.981,-0.28916574,0.063459626
98.2,0.982,-0.293430074,0.063832453
98.3,0.983,-0.296093639,0.064147386
98.4,0.984,-0.297875417,0.064395922
98.5,0.985,-0.298800688,0.064569622
98.6,0.986,-0.298925068,0.064660157
98.7,0.987,-0.297670139,0.064659362
98.8,0.988,-0.292571544,0.064559303
98.9,0.989,-0.288770351,0.064352345
99,0.99,-0.287974517,0.064031242
99.1,0.991,-0.288148448,0.064031242
99.2,0.992,-0.286789362,0.064031242
99.3,0.993,-0.28283244,0.064031242
99.4,0.994,-0.276620487,0.064031242
99.5,0.995,-0.272708059,0.064031242
99.6,0.996,-0.272226717,0.064031242
99.7,0.997,-0.273455354,0.064031242
99.8,0.998,-0.274479725,0.064031242
99.9,0.999,-0.273886136,0.064031242
100,1,-0.27170897,0.064031242
100.1,1.001,-0.268950349,0.064031242
100.2,1.002,-0.265477804,0.064031242
100.3,1.003,-0.261305491,0.064031242
100.4,1.004,-0.256994641,0.064031242
100.5,1.005,-0.251794924,0.064031242
100.6,1.006,-0.24548286,0.064031242
100.7,1.007,-0.239075741,0.064031242
100.8,1.008,-0.231751441,0.064031242
100.9,1.009,-0.227192841,0.064031242
101,1.01,-0.224701183,0.064031242
101.1,1.011,-0.224956012,0.064031242
101.2,1.012,-0.226280716,0.064031242
101.3,1.013,-0.228934169,0.064031242
101.4,1.014,-0.23373243,0.064031242
101.5,1.015,-0.23954596,0.064031242
101.6,1.016,-0.247287896,0.064031242
101.7,1.017,-0.256600263,0.064031242
101.8,1.018,-0.268290019,0.064031242
101.9,1.019,-0.284829609,0.064031242
102,1.02,-0.299494388,0.064031242
102.1,1.021,-0.309938315,0.064352345
102.2,1.022,-0.317322277,0.064559303
102.3,1.023,-0.325836788,0.064659362
102.4,1.024,-0.336925877,0.064660157
102.5,1.025,-0.351586611,0.064569622
102.6,1.026,-0.365781171,0.064395922
102.7,1.027,-0.376730711,0.064147386
102.8,1.028,-0.383571645,0.063832453
102.9,1.029,-0.385469714,0.063459626
103,1.03,-0.384142987,0.063037421
103.1,1.031,-0.380244716,0.062574334
103.2,1.032,-0.373059966,0.062078796
103.3,1.033,-0.362851653,0.061559145
103.4,1.034,-0.351427849,0.061023585
103.5,1.035,-0.34031348,0.060480165
103.6,1.036,-0.332519972,0.05993675
103.7,1.037,-0.327796542,0.059401001
103.8,1.038,-0.320716958,0.058880362
103.9,1.039,-0.313280413,0.058382052
104,1.04,-0.303331985,0.057913066
104.1,1.041,-0.292421883,0.05748019
104.2,1.042,-0.279871574,0.057090025
104.3,1.043,-0.266167459,0.05674902
104.4,1.044,-0.251015269,0.056463529
104.5,1.045,-0.234561634,0.056239873
104.6,1.046,-0.214930731,0.05608442
104.7,1.047,-0.193413894,0.056003676
104.8,1.048,-0.169540904,0.056004383
104.9,1.049,-0.141042573,0.056093636
105,1.05,-0.106646779,0.056278983
105.1,1.051,-0.071661442,0.056568542
105.2,1.052,-0.036995652,0.056568542
105.3,1.053,-0.004800283,0.056568542
105.4,1.054,0.026303974,0.056568542
105.5,1.055,0.056631611,0.056568542
105.6,1.056,0.085382749,0.056568542
105.7,1.057,0.113312772,0.056568542
105.8,1.058,0.140386288,0.056568542
105.9,1.059,0.166030943,0.056568542
106,1.06,0.188970573,0.056568542
106.1,1.061,0.208750126,0.056568542
106.2,1.062,0.224914552,0.056568542
106.3,1.063,0.236441501,0.056568542
106.4,1.064,0.242709071,0.056568542
106.5,1.065,0.243652543,0.056568542
106.6,1.066,0.241065831,0.056568542
106.7,1.067,0.239679442,0.056568542
106.8,1.068,0.24023966,0.056568542
106.9,1.069,0.239309334,0.056568542
107,1.07,0.2364324,0.056568542
107.1,1.071,0.231309536,0.056568542
107.2,1.072,0.225900496,0.056568542
107.3,1.073,0.221364142,0.056568542
107.4,1.074,0.217344524,0.056568542
107.5,1.075,0.214473658,0.056568542
107.6,1.076,0.21339367,0.056568542
107.7,1.077,0.213151987,0.056568542
107.8,1.078,0.215973304,0.056568542
107.9,1.079,0.222637274,0.056568542
108,1.08,0.231294367,0.056568542
108.1,1.081,0.239634948,0.056568542
108.2,1.082,0.247685307,0.056568542
108.3,1.083,0.255451512,0.056568542
108.4,1.084,0.262265143,0.056568542
108.5,1.085,0.268475073,0.056568542
108.6,1.086,0.273999393,0.056568542
108.7,1.087,0.279957529,0.056568542
108.8,1.088,0.286324199,0.056568542
108.9,1.089,0.292653453,0.056568542
109,1.09,0.299456972,0.056568542
109.1,1.091,0.307079583,0.056568542
109.2,1.092,0.315298817,0.056568542
109.3,1.093,0.323481646,0.056568542
109.4,1.094,0.33155223,0.056568542
109.5,1.095,0.33983517,0.056568542
109.6,1.096,0.348087774,0.056568542
109.7,1.097,0.356067348,0.056568542
109.8,1.098,0.363531196,0.056568542
109.9,1.099,0.372192335,0.056568542
110,1.1,0.380303367,0.056568542
110.1,1.101,0.387672161,0.056568542
110.2,1.102,0.394430175,0.056568542
110.3,1.103,0.401286278,0.056568542
110.4,1.104,0.408245525,0.056568542
110.5,1.105,0.415743756,0.056568542
110.6,1.106,0.423426029,0.056568542
110.7,1.107,0.431935484,0.056568542
110.8,1.108,0.439265851,0.056568542
110.9,1.109,0.445610274,0.056568542
111,1.11,0.450184043,0.056278983
111.1,1.111,0.452349075,0.056093636
111.2,1.112,0.452581656,0.056004383
111.3,1.113,0.450937405,0.056003676
111.4,1.114,0.446894529,0.05608442
111.5,1.115,0.442434018,0.056239873
111.6,1.116,0.438735969,0.056463529
111.7,1.117,0.436043078,0.05674902
111.8,1.118,0.433093336,0.057090025
111.9,1.119,0.429612701,0.05748019
112,1.12,0.426461725,0.057913066
112.1,1.121,0.423943776,0.058382052
112.2,1.122,0.421648296,0.058880362
112.3,1.123,0.419575286,0.059401001
112.4,1.124,0.419113156,0.05993675
112.5,1.125,0.419724947,0.060480165
112.6,1.126,0.42130448,0.061023585
112.7,1.127,0.422787946,0.061559145
112.8,1.128,0.425067246,0.062078796
112.9,1.129,0.426688239,0.062574334
113,1.13,0.426343412,0.063037421
113.1,1.131,0.42464051,0.063459626
113.2,1.132,0.423545353,0.063832453
113.3,1.133,0.423899282,0.064147386
113.4,1.134,0.424618263,0.064395922
113.5,1.135,0.423807261,0.064569622
113.6,1.136,0.422063909,0.064660157
113.7,1.137,0.420786733,0.064659362
113.8,1.138,0.42050359,0.064559303
113.9,1.139,0.420638083,0.064352345
114,1.14,0.418591364,0.064031242
114.1,1.141,0.413759733,0.064352345
114.2,1.142,0.408178785,0.064559303
114.3,1.143,0.404792193,0.064659362
114.4,1.144,0.403190414,0.064660157
114.5,1.145,0.402603903,0.064569622
114.6,1.146,0.400661341,0.064395922
114.7,1.147,0.397914855,0.064147386
114.8,1.148,0.39378198,0.063832453
114.9,1.149,0.389625847,0.063459626
115,1.15,0.3854414,0.063037421
115.1,1.151,0.381400546,0.062574334
115.2,1.152,0.377128122,0.062078796
115.3,1.153,0.372669633,0.061559145
115.4,1.154,0.367670139,0.061023585
115.5,1.155,0.361207402,0.060480165
115.6,1.156,0.354137931,0.05993675
115.7,1.157,0.345773081,0.059401001
115.8,1.158,0.337369805,0.058880362
115.9,1.159,0.32809283,0.058382052
116,1.16,0.31866215,0.057913066
116.1,1.161,0.309731014,0.05748019
116.2,1.162,0.300761452,0.057090025
116.3,1.163,0.290257862,0.056458533
116.4,1.164,0.278346648,0.055989522
116.5,1.165,0.266365659,0.055679098
116.6,1.166,0.25540904,0.055524572
116.7,1.167,0.246190717,0.055524572
116.8,1.168,0.237606431,0.055679098
116.9,1.169,0.227280817,0.055989522
117,1.17,0.215595106,0.056458533
117.1,1.171,0.204221863,0.057090025
117.2,1.172,0.194933765,0.05748019
117.3,1.173,0.187618566,0.057913066
117.4,1.174,0.178664172,0.058382052
117.5,1.175,0.167479017,0.058880362
117.6,1.176,0.153618162,0.059401001
117.7,1.177,0.139052483,0.05993675
117.8,1.178,0.123006371,0.060172836
117.9,1.179,0.104049954,0.060515821
118,1.18,0.082014359,0.06095183
118.1,1.181,0.060531904,0.061466957
118.2,1.182,0.040672464,0.062047096
118.3,1.183,0.020622914,0.062677819
118.4,1.184,-0.00052887,0.063344293
118.5,1.185,-0.022403681,0.064031242
118.6,1.186,-0.042823339,0.064722942
118.7,1.187,-0.06281626,0.065403239
118.8,1.188,-0.084055011,0.066055598
118.9,1.189,-0.106119931,0.066663161
119,1.19,-0.128925068,0.067208829
119.1,1.191,-0.152404692,0.067675343
119.2,1.192,-0.176356558,0.068045387
119.3,1.193,-0.199464051,0.068301691
119.4,1.194,-0.221074932,0.068888235
119.5,1.195,-0.240947517,0.069464928
119.6,1.196,-0.258342603,0.070023255
119.7,1.197,-0.272423905,0.070554588
119.8,1.198,-0.284857923,0.071050211
119.9,1.199,-0.296753969,0.071501336
120,1.2,-0.307139246,0.071899134
120.1,1.201,-0.31782789,0.072234757
120.2,1.202,-0.327340479,0.072499367
120.3,1.203,-0.335098594,0.072684171
120.4,1.204,-0.342225705,0.072780452
120.5,1.205,-0.350930327,0.072779607
120.6,1.206,-0.361045606,0.072673196
120.7,1.207,-0.370245728,0.072452988
120.8,1.208,-0.378884619,0.072111026
120.9,1.209,-0.388958439,0.072111026
121,1.21,-0.398219233,0.072111026
121.1,1.211,-0.404936798,0.072111026
121.2,1.212,-0.408478107,0.072111026
121.3,1.213,-0.411820204,0.072111026
121.4,1.214,-0.416111841,0.072111026
121.5,1.215,-0.420370108,0.072111026
121.6,1.216,-0.423065022,0.072111026
121.7,1.217,-0.426470826,0.072111026
121.8,1.218,-0.430272019,0.072111026
121.9,1.219,-0.432461321,0.072111026
122,1.22,-0.433767823,0.072111026
122.1,1.221,-0.436278693,0.072111026
122.2,1.222,-0.439411467,0.072111026
122.3,1.223,-0.443404793,0.072111026
122.4,1.224,-0.447119021,0.072111026
122.5,1.225,-0.450382243,0.072111026
122.6,1.226,-0.453266255,0.072111026
122.7,1.227,-0.457388007,0.072111026
122.8,1.228,-0.461941551,0.072111026
122.9,1.229,-0.465633532,0.072111026
123,1.23,-0.468949338,0.071769783
123.1,1.231,-0.473018505,0.071550797
123.2,1.232,-0.476290828,0.071445188
123.3,1.233,-0.480119325,0.07144435
123.4,1.234,-0.486170492,0.071539897
123.5,1.235,-0.49557387,0.071723611
123.6,1.236,-0.505949034,0.071987388
123.7,1.237,-0.51559005,0.072323194
123.8,1.238,-0.527005764,0.072723015
123.9,1.239,-0.53915765,0.073178824
124,1.24,-0.549492365,0.073682548
124.1,1.241,-0.556921832,0.074226044
124.2,1.242,-0.561559308,0.074801078
124.3,1.243,-0.566501163,0.075399317
124.4,1.244,-0.571463242,0.076012319
124.5,1.245,-0.573942765,0.076631532
124.6,1.246,-0.574057033,0.0772483
124.7,1.247,-0.571679644,0.077853864
124.8,1.248,-0.567828901,0.078439374
124.9,1.249,-0.562575589,0.078995902
125,1.25,-0.556334311,0.079514455
125.1,1.251,-0.550527859,0.079985987
125.2,1.252,-0.543382546,0.080401424
125.3,1.253,-0.534933765,0.080751676
125.4,1.254,-0.52507028,0.08102766
125.5,1.255,-0.514258267,0.081220326
125.6,1.256,-0.501752452,0.081320676
125.7,1.257,-0.489681464,0.081319796
125.8,1.258,-0.47666397,0.081208886
125.9,1.259,-0.461008191,0.080979297
126,1.26,-0.445317019,0.080266372
126.1,1.261,-0.430131459,0.080037659
126.2,1.262,-0.414341187,0.079927323
126.3,1.263,-0.398811811,0.079926447
126.4,1.264,-0.384282536,0.080026272
126.5,1.265,-0.370398422,0.080218158
126.6,1.266,-0.356521387,0.080493547
126.7,1.267,-0.341720093,0.08084393
126.8,1.268,-0.325797351,0.081260814
126.9,1.269,-0.309387198,0.081735697
127,1.27,-0.29284053,0.082260046
127.1,1.271,-0.273841642,0.082825276
127.2,1.272,-0.252911316,0.083422739
127.3,1.273,-0.229435737,0.084043715
127.4,1.274,-0.203348165,0.084679406
127.5,1.275,-0.175939933,0.085320938
127.6,1.276,-0.148335524,0.085959356
127.7,1.277,-0.120124381,0.086585634
127.8,1.278,-0.091619982,0.08719068
127.9,1.279,-0.061083022,0.087765342
128,1.28,-0.030635049,0.088300422
128.1,1.281,-0.002631206,0.088786683
128.2,1.282,0.024621296,0.089214866
128.3,1.283,0.051133583,0.089943237
128.4,1.284,0.076223076,0.090464396
128.5,1.285,0.099804834,0.090777443
128.6,1.286,0.119214278,0.09088185
128.7,1.287,0.133478613,0.090777443
128.8,1.288,0.14556578,0.090464396
128.9,1.289,0.156978461,0.089943237
129,1.29,0.167331378,0.089214866
129.1,1.291,0.176864193,0.088786683
129.2,1.292,0.186013753,0.088300422
129.3,1.293,0.193321873,0.087765342
129.4,1.294,0.19834867,0.08719068
129.5,1.295,0.200187077,0.086585634
129.6,1.296,0.198831024,0.085959356
129.7,1.297,0.197061381,0.085320938
129.8,1.298,0.195039943,0.085041493
129.9,1.299,0.191854586,0.084637519
130,1.3,0.190134493,0.084127326
130.1,1.301,0.189979776,0.083529247
130.2,1.302,0.188734958,0.082861583
130.3,1.303,0.186795429,0.082142551
130.4,1.304,0.183198503,0.08139024
130.5,1.305,0.177812721,0.080622577
130.6,1.306,0.170262918,0.079857294
130.7,1.307,0.161211447,0.079111908
130.8,1.308,0.151066842,0.078403713
130.9,1.309,0.1408919,0.077749783
131,1.31,0.129987865,0.077166997
131.1,1.311,0.118877541,0.076672075
131.2,1.312,0.108564061,0.076281645
131.3,1.313,0.098281929,0.076012319
131.4,1.314,0.086551724,0.075399317
131.5,1.315,0.073672768,0.074801078
131.6,1.316,0.058956416,0.074226044
131.7,1.317,0.044940843,0.073682548
131.8,1.318,0.032552331,0.073178824
131.9,1.319,0.022503792,0.072723015
132,1.32,0.014316918,0.072323194
132.1,1.321,0.006642734,0.071987388
132.2,1.322,-0.001390434,0.071723611
132.3,1.323,-0.008084741,0.071539897
132.4,1.324,-0.01402164,0.07144435
132.5,1.325,-0.019225402,0.071445188
132.6,1.326,-0.022428961,0.071550797
132.7,1.327,-0.024230964,0.071769783
132.8,1.328,-0.026197796,0.072111026
132.9,1.329,-0.028694509,0.072111026
133,1.33,-0.031148751,0.072111026
133.1,1.331,-0.033742542,0.072111026
133.2,1.332,-0.035867125,0.072111026
133.3,1.333,-0.038312266,0.072111026
133.4,1.334,-0.040910102,0.072111026
133.5,1.335,-0.042681768,0.072111026
133.6,1.336,-0.045972292,0.072111026
133.7,1.337,-0.049743149,0.072111026
133.8,1.338,-0.05264233,0.072111026
133.9,1.339,-0.052887046,0.072111026
134,1.34,-0.052301547,0.072111026
134.1,1.341,-0.052446152,0.072111026
134.2,1.342,-0.053923551,0.072111026
134.3,1.343,-0.05582162,0.072111026
134.4,1.344,-0.0582162,0.072111026
134.5,1.345,-0.060625948,0.072111026
134.6,1.346,-0.063547376,0.072111026
134.7,1.347,-0.066509253,0.072111026
134.8,1.348,-0.070018202,0.072111026
134.9,1.349,-0.074180402,0.072111026
135,1.35,-0.078134291,0.072111026
135.1,1.351,-0.081262008,0.072111026
135.2,1.352,-0.083746587,0.072111026
135.3,1.353,-0.084372535,0.072111026
135.4,1.354,-0.085551623,0.072111026
135.5,1.355,-0.08750632,0.072111026
135.6,1.356,-0.09047932,0.072111026
135.7,1.357,-0.094322985,0.072111026
135.8,1.358,-0.098175751,0.072111026
135.9,1.359,-0.101419759,0.072111026
136,1.36,-0.103827485,0.072111026
136.1,1.361,-0.105561735,0.072111026
136.2,1.362,-0.106521387,0.072111026
136.3,1.363,-0.107729801,0.072111026
136.4,1.364,-0.108264739,0.072111026
136.5,1.365,-0.10914956,0.072111026
136.6,1.366,-0.11116392,0.072111026
136.7,1.367,-0.113973101,0.072111026
136.8,1.368,-0.116371726,0.072111026
136.9,1.369,-0.11910001,0.072111026
137,1.37,-0.123065022,0.072111026
137.1,1.371,-0.127815755,0.072111026
137.2,1.372,-0.132354131,0.072111026
137.3,1.373,-0.136503185,0.072111026
137.4,1.374,-0.140085954,0.072111026
137.5,1.375,-0.14349277,0.072111026
137.6,1.376,-0.145735666,0.072111026
137.7,1.377,-0.147772272,0.072111026
137.8,1.378,-0.149025179,0.072111026
137.9,1.379,-0.149484275,0.072111026
138,1.38,-0.149139448,0.072111026
138.1,1.381,-0.148547881,0.072452988
138.2,1.382,-0.147299019,0.072673196
138.3,1.383,-0.145392861,0.072779607
138.4,1.384,-0.143396703,0.072780452
138.5,1.385,-0.140910102,0.072684171
138.6,1.386,-0.137943169,0.072499367
138.7,1.387,-0.13409546,0.072234757
138.8,1.388,-0.130912125,0.071899134
138.9,1.389,-0.127024977,0.071501336
139,1.39,-0.123578724,0.071050211
139.1,1.391,-0.120183032,0.070554588
139.2,1.392,-0.116858125,0.070023255
139.3,1.393,-0.113780969,0.069464928
139.4,1.394,-0.111128527,0.068888235
139.5,1.395,-0.109077763,0.068301691
139.6,1.396,-0.107395085,0.067713686
139.7,1.397,-0.1072252,0.067132466
139.8,1.398,-0.107610476,0.066566126
139.9,1.399,-0.109382142,0.066022608
140,1.4,-0.111425827,0.065509698
140.1,1.401,-0.113594903,0.065035039
140.2,1.402,-0.114911518,0.064606144
140.3,1.403,-0.116479927,0.064230427
140.4,1.404,-0.117849125,0.063915234
140.5,1.405,-0.119525736,0.063667887
140.6,1.406,-0.121028415,0.063495744
140.7,1.407,-0.123811305,0.063406257
140.8,1.408,-0.126405097,0.063407042
140.9,1.409,-0.129275963,0.063505954
141,1.41,-0.13246941,0.063711167
141.1,1.411,-0.136431388,0.064031242
141.2,1.412,-0.140629993,0.064031242
141.3,1.413,-0.145090505,0.064031242
141.4,1.414,-0.150238649,0.064031242
141.5,1.415,-0.155522298,0.064031242
141.6,1.416,-0.161357063,0.064031242
141.7,1.417,-0.167591263,0.064031242
141.8,1.418,-0.17464051,0.064031242
141.9,1.419,-0.181385378,0.064031242
142,1.42,-0.188652038,0.064031242
142.1,1.421,-0.195477804,0.064031242
142.2,1.422,-0.202688846,0.064031242
142.3,1.423,-0.209576297,0.064031242
142.4,1.424,-0.216565881,0.064031242
142.5,1.425,-0.223115583,0.064031242
142.6,1.426,-0.22966124,0.064031242
142.7,1.427,-0.236648802,0.064031242
142.8,1.428,-0.242999292,0.064031242
142.9,1.429,-0.248611589,0.064031242
143,1.43,-0.252817272,0.064031242
143.1,1.431,-0.256326221,0.064031242
143.2,1.432,-0.258470017,0.064031242
143.3,1.433,-0.260282132,0.064031242
143.4,1.434,-0.261017292,0.064031242
143.5,1.435,-0.261729194,0.064031242
143.6,1.436,-0.261946607,0.064031242
143.7,1.437,-0.26177571,0.064031242
143.8,1.438,-0.260765497,0.064031242
143.9,1.439,-0.259853372,0.064031242
144,1.44,-0.258197998,0.064031242
144.1,1.441,-0.256503185,0.064352345
144.2,1.442,-0.254348266,0.064559303
144.3,1.443,-0.252290424,0.064659362
144.4,1.444,-0.250075842,0.064660157
144.5,1.445,-0.247450703,0.064569622
144.6,1.446,-0.245950046,0.064395922
144.7,1.447,-0.244195571,0.064147386
144.8,1.448,-0.242344019,0.063832453
144.9,1.449,-0.240952574,0.063459626
145,1.45,-0.240011123,0.063037421
145.1,1.451,-0.239098999,0.062574334
145.2,1.452,-0.239330569,0.062078796
145.3,1.453,-0.239717868,0.061559145
145.4,1.454,-0.241061786,0.061023585
145.5,1.455,-0.242784913,0.060480165
145.6,1.456,-0.244877136,0.05993675
145.7,1.457,-0.247328345,0.059401001
145.8,1.458,-0.249561129,0.058880362
145.9,1.459,-0.251965821,0.058382052
146,1.46,-0.254522196,0.057913066
146.1,1.461,-0.257210031,0.05748019
146.2,1.462,-0.259441804,0.057090025
146.3,1.463,-0.261597735,0.05674902
146.4,1.464,-0.264058044,0.056463529
146.5,1.465,-0.266802508,0.056239873
146.6,1.466,-0.269253716,0.05608442
146.7,1.467,-0.271244817,0.056003676
146.8,1.468,-0.272765699,0.056004383
146.9,1.469,-0.274216807,0.056093636
147,1.47,-0.274463545,0.055990937
147.1,1.471,-0.274473658,0.056093636
147.2,1.472,-0.274247143,0.056004383
147.3,1.473,-0.273226818,0.056003676
147.4,1.474,-0.27183335,0.05608442
147.5,1.475,-0.270086965,0.056239873
147.6,1.476,-0.26817474,0.056463529
147.7,1.477,-0.265569825,0.05674902
147.8,1.478,-0.262723228,0.057090025
147.9,1.479,-0.260252806,0.05748019
148,1.48,-0.257251492,0.057913066
148.1,1.481,-0.25379007,0.058382052
148.2,1.482,-0.250917181,0.058880362
148.3,1.483,-0.24774598,0.059401001
148.4,1.484,-0.244778036,0.05993675
148.5,1.485,-0.240979877,0.060480165
148.6,1.486,-0.236853069,0.061023585
148.7,1.487,-0.232899181,0.061559145
148.8,1.488,-0.228652038,0.062078796
148.9,1.489,-0.224212762,0.062574334
149,1.49,-0.219682475,0.063037421
149.1,1.491,-0.215162302,0.063459626
149.2,1.492,-0.21116392,0.063832453
149.3,1.493,-0.207231267,0.063826937
149.4,1.494,-0.203886136,0.06386871
149.5,1.495,-0.20011528,0.063942054
149.6,1.496,-0.196440489,0.064031242
149.7,1.497,-0.192405703,0.064120511
149.8,1.498,-0.188522601,0.064194039
149.9,1.499,-0.185302862,0.064235966
150,1.5,-0.181723127,0.064230427